{
    "particles": {
        "number": {
            "value": 5,
            "density": {
                "enable": true,
                "value_area": 500
            }
        },
        "color": {
            "value": "#FFFFFF"
        },
        "shape": {
            "type": [
                "image",
                "image2",
                "image3",
                "image4",
                "image5",
                "image6",
                "image7"
            ],
            "stroke": {
                "width": 0,
                "color": "#000000"
            },
            "polygon": {
                "nb_sides": 4
            },
            "image": {
                "src": "../image/html5.png"
            }
        },
        "opacity": {
            "value": 0.3,
            "random": true,
            "anim": {
                "enable": false,
                "speed": 1,
                "opacity_min": 0.1,
                "sync": false
            }
        },
        "size": {
            "value": 30,
            "random": false,
            "anim": {
                "enable": false,
                "speed": 10,
                "size_min": 40,
                "sync": false
            }
        },
        "line_linked": {
            "enable": false,
            "distance": 200,
            "color": "#000",
            "opacity": 1,
            "width": 2
        },
        "move": {
            "enable": true,
            "speed": 8,
            "direction": "none",
            "random": false,
            "straight": false,
            "out_mode": "out",
            "bounce": false,
            "attract": {
                "enable": false,
                "rotateX": 600,
                "rotateY": 1200
            }
        }
    },
    "interactivity": {
        "detect_on": "canvas",
        "events": {
            "onhover": {
                "enable": false,
                "mode": "grab"
            },
            "onclick": {
                "enable": false,
                "mode": "push"
            },
            "resize": true
        },
        "modes": {
            "grab": {
                "distance": 400,
                "line_linked": {
                    "opacity": 1
                }
            },
            "bubble": {
                "distance": 400,
                "size": 40,
                "duration": 2,
                "opacity": 8,
                "speed": 3
            },
            "repulse": {
                "distance": 200,
                "duration": 0.4
            },
            "push": {
                "particles_nb": 4
            },
            "remove": {
                "particles_nb": 2
            }
        }
    },
    "retina_detect": true
}